nombre,rfc,email
Farit Fresco Belaustegui,85070203B,faritfrescobelaustegui@email.com
Lola Guinao Villadiego,70364786N,lolaguinaovilladiego@email.com
Edilma Cantalapiedra Andrino,65222870E,edilmacantalapiedraandrino@email.com
Oralis Lallera Ilarraza,89944182Z,oralislallerailarraza@email.com
Kareem Felpeto Bermeo,2564994B,kareemfelpetobermeo@email.com
Ubaldo Ranero Jamilio,3940539H,ubaldoranerojamilio@email.com
Rolando Galiana Galiana,67536158Q,rolandogalianagaliana@email.com
Bienvenido Barreiro Clemente,77421060R,bienvenidobarreiroclemente@email.com
Kiova Iribarria Marentos,99501381T,kiovairibarriamarentos@email.com
Conrado Zarra Basagoitia,52765977K,conradozarrabasagoitia@email.com
Rosario Hurones Villarreal,36616703J,rosariohuronesvillarreal@email.com
Camilo Oñiderra Aponte,6226717L,camilooñiderraaponte@email.com
Romina Pañalosa Ribas,9090610K,rominapañalosaribas@email.com
Geert Altares Loño,14864127D,geertaltaresloño@email.com
Baldomero Sirguero Buendia,88036228W,baldomerosirguerobuendia@email.com
Bridges Morillo Pavolleta,47070495Y,bridgesmorillopavolleta@email.com
Mauro Anieva Marcello,66463625L,mauroanievamarcello@email.com
Genoveva Chasco Charro,54972892V,genovevachascocharro@email.com
Arturo Bejar Iturriz,41567903A,arturobejariturriz@email.com
Erika Grijalba Alsua,3542922W,erikagrijalbaalsua@email.com
Raúl Bucesta Mazuca,24811713A,raúlbucestamazuca@email.com
Casto Valenzuela Rollan,86458522G,castovalenzuelarollan@email.com
Yunarqui Miñon Gurbista,99511201E,yunarquimiñongurbista@email.com
Fausto Laserna Portela,31664705F,faustolasernaportela@email.com
Bernalia Ezguerra Urrue,29532922W,bernaliaezguerraurrue@email.com
Annet Verga Viaña,21978959K,annetvergaviaña@email.com
Elvis Alaiza Prelo,87037212Z,elvisalaizaprelo@email.com
Cirilo Echenique Ochagavia,36526379X,ciriloecheniqueochagavia@email.com
Fernando Pastrana Ortubia,23554050A,fernandopastranaortubia@email.com
Jacob Allo Cruz,69396805D,jacoballocruz@email.com
Xochitl Canel Lunar,33713069Z,xochitlcanellunar@email.com
Lizeth Puga Peñin,24907668W,lizethpugapeñin@email.com
Prudencio Hermosilla Picardo,55248836F,prudenciohermosillapicardo@email.com
Desideria Aballe Rois,17587900F,desideriaaballerois@email.com
Bienvenido Armentia Yerro,56824159Z,bienvenidoarmentiayerro@email.com
Abian Orcondona Villagran,99223143Q,abianorcondonavillagran@email.com
Katherine Horquizar Pelaez,69739967B,katherinehorquizarpelaez@email.com
Edilma Victorero Armea,95248593G,edilmavictoreroarmea@email.com
Marush Chavarri Presilla,4054022L,marushchavarripresilla@email.com
Rodame Bolado Argüello,57828601T,rodameboladoargüello@email.com
Jayline Aristegui Miguel,96249053X,jaylinearisteguimiguel@email.com
Marciano Caroso Forcelledo,35515707G,marcianocarosoforcelledo@email.com
Nicole Elguera Movellan,25625769C,nicoleelgueramovellan@email.com
Kay Pecha Salce,53297897C,kaypechasalce@email.com
Pantaleón Baca Ucieda,16620657Y,pantaleónbacaucieda@email.com
Yanira Revilla Pedrera,55603974W,yanirarevillapedrera@email.com
Floresmila Morelle Amandi,56713597J,floresmilamorelleamandi@email.com
Elvira Mogoruza Piñango,96760897N,elviramogoruzapiñango@email.com
Katherine Argudo Liñan,98479824B,katherineargudoliñan@email.com
Yecid Jayaga Ventosa,23892626L,yecidjayagaventosa@email.com
Maniel Altares Corte,16582237L,manielaltarescorte@email.com
Aroa Manojo Avendaño,56729365A,aroamanojoavendaño@email.com
Yarik Catalan Lobregon,55918646B,yarikcatalanlobregon@email.com
Giuliana Acebedo Balda,51921677M,giulianaacebedobalda@email.com
Angélica Montealegre Vallino,7573352G,angélicamontealegrevallino@email.com
Gustavo Tobia Bodon,21082649K,gustavotobiabodon@email.com
Zita Torio Arenzano,43769245S,zitatorioarenzano@email.com
Lluvia Ansola Folgueras,66024507V,lluviaansolafolgueras@email.com
Eric Castañera Nicola,11436786J,ericcastañeranicola@email.com
Torcuato Forcen Fuertehijar,51002535N,torcuatoforcenfuertehijar@email.com
Benjamín Aujea Zurita,66583759R,benjamínaujeazurita@email.com
Adriel Mijares Roelas,19191565C,adrielmijaresroelas@email.com
Gabriela Lorenzo Bullido,77558031F,gabrielalorenzobullido@email.com
Nuria Izana Guedeja,85006493B,nuriaizanaguedeja@email.com
Silvano Villasana Michel,82113930C,silvanovillasanamichel@email.com
Gabino Perea Pis,68507967Y,gabinopereapis@email.com
Arelis Guera Mañaria,77923095S,arelisgueramañaria@email.com
Juan Cardeña Lagunilla,5293868G,juancardeñalagunilla@email.com
Arelis Redondo Taranco,69513358K,arelisredondotaranco@email.com
Vidalia Garnica Buenaga,22769116J,vidaliagarnicabuenaga@email.com
Guillermo Miña Lira,22190625H,guillermomiñalira@email.com
Yaira Gordo Zumiel,57644461K,yairagordozumiel@email.com
Grace Linares Sabuco,5585354B,gracelinaressabuco@email.com
Marito Buerga Sotelo,65751469N,maritobuergasotelo@email.com
Tasiana Tobalina Recio,4822529G,tasianatobalinarecio@email.com
Eugenia Loranza Messia,28618984S,eugenialoranzamessia@email.com
Kala Abril Murieta,21117146H,kalaabrilmurieta@email.com
Roberto Olmo Figueras,53484825G,robertoolmofigueras@email.com
Arquimides Portera Isasaga,30031747A,arquimidesporteraisasaga@email.com
Eros Trapiella Nueva,48560014E,erostrapiellanueva@email.com
Etorne Melgosa Puerta,50250031E,etornemelgosapuerta@email.com
Rita Buedo Mañaria,5103926L,ritabuedomañaria@email.com
Cleofás Ampudia Cubas,56572671P,cleofásampudiacubas@email.com
William Barbeito Monelo,86982734T,williambarbeitomonelo@email.com
Anabel Sobarzo Villaquilambre,3615029G,anabelsobarzovillaquilambre@email.com
Igor Escanciano Constante,28283395L,igorescancianoconstante@email.com
Betsabe Burgos Sayas,84559567K,betsabeburgossayas@email.com
Jasé Chicarro Peñin,73972709V,jaséchicarropeñin@email.com
Marcial Cillero Doblas,60549877P,marcialcillerodoblas@email.com
Eliezer Cardeiro Navagos,20152623T,eliezercardeironavagos@email.com
Lautaro Pas Moreta,29798326D,lautaropasmoreta@email.com
Eugenio Aranzazu Carro,72065120W,eugenioaranzazucarro@email.com
Fátima Remesal Paez,45887276E,fátimaremesalpaez@email.com
Yohaly Remiro Guiluz,55616254T,yohalyremiroguiluz@email.com
Peggy Trasgallo Montes,53324424M,peggytrasgallomontes@email.com
Marta Castejana Pierredonda,96656889X,martacastejanapierredonda@email.com
Beatriz Coviella Villota,69648338Z,beatrizcoviellavillota@email.com
Adriel Quizan Pertierra,5296249Q,adrielquizanpertierra@email.com
Sainza Piedrahita Maimo,46633581T,sainzapiedrahitamaimo@email.com